{
  "weights": "trained_models\\bias_angle_v3_smoke.weights.h5",
  "install_angle_deg": {
    "roll": -0.902923047542572,
    "pitch": -1.5445507764816284,
    "yaw": 1.5479965209960938
  },
  "bias_base": [
    0.1473217010498047,
    0.10494092851877213,
    -0.22520656883716583,
    0.01200843881815672,
    -0.006999512668699026,
    0.00824966561049223
  ],
  "segments": {
    "Data01": {
      "name": "Data01_0109_1圈8字+2圈跑道",
      "fixed_position_m": {
        "mean": 5.58218240737915,
        "rmse": 6.558896064758301,
        "p95": 12.559957504272461,
        "max": 17.150718688964844
      },
      "residual_position_m": {
        "mean": 5.451040744781494,
        "rmse": 6.424100875854492,
        "p95": 12.377781867980957,
        "max": 16.660945892333984
      },
      "fixed_heading_deg": {
        "mean": 9.305707931518555,
        "rmse": 15.784341812133789,
        "p95": 29.66486930847168,
        "max": 156.17503356933594
      },
      "residual_heading_deg": {
        "mean": 9.276379585266113,
        "rmse": 15.755888938903809,
        "p95": 29.551300048828125,
        "max": 156.21133422851562
      }
    },
    "Data02": {
      "name": "Data02_0109_2圈8字+2圈跑道",
      "fixed_position_m": {
        "mean": 5.768298625946045,
        "rmse": 6.377988815307617,
        "p95": 10.720142364501953,
        "max": 13.658573150634766
      },
      "residual_position_m": {
        "mean": 5.6221842765808105,
        "rmse": 6.231024265289307,
        "p95": 10.462983131408691,
        "max": 13.448577880859375
      },
      "fixed_heading_deg": {
        "mean": 9.778066635131836,
        "rmse": 14.56412124633789,
        "p95": 33.06698989868164,
        "max": 139.100341796875
      },
      "residual_heading_deg": {
        "mean": 9.764825820922852,
        "rmse": 14.557087898254395,
        "p95": 33.053409576416016,
        "max": 138.69650268554688
      }
    },
    "Data03": {
      "name": "Data03_0109_1圈跑道+2圈8字",
      "fixed_position_m": {
        "mean": 7.926794528961182,
        "rmse": 11.814263343811035,
        "p95": 23.580322265625,
        "max": 54.386085510253906
      },
      "residual_position_m": {
        "mean": 7.8039231300354,
        "rmse": 11.651542663574219,
        "p95": 23.40350341796875,
        "max": 53.710540771484375
      },
      "fixed_heading_deg": {
        "mean": 11.79990291595459,
        "rmse": 17.89130210876465,
        "p95": 34.98461151123047,
        "max": 161.31539916992188
      },
      "residual_heading_deg": {
        "mean": 11.762917518615723,
        "rmse": 17.876745223999023,
        "p95": 34.9315071105957,
        "max": 161.72634887695312
      }
    },
    "Data04": {
      "name": "Data04_0109_2圈跑道+2圈8字",
      "fixed_position_m": {
        "mean": 6.036376953125,
        "rmse": 6.962993144989014,
        "p95": 12.588018417358398,
        "max": 25.240062713623047
      },
      "residual_position_m": {
        "mean": 5.9428019523620605,
        "rmse": 6.848355770111084,
        "p95": 12.37608814239502,
        "max": 24.680328369140625
      },
      "fixed_heading_deg": {
        "mean": 10.4747896194458,
        "rmse": 14.35880184173584,
        "p95": 32.77231216430664,
        "max": 63.149818420410156
      },
      "residual_heading_deg": {
        "mean": 10.444204330444336,
        "rmse": 14.332717895507812,
        "p95": 32.77657699584961,
        "max": 63.08966064453125
      }
    },
    "Data05": {
      "name": "Data05_0109_4圈跑道",
      "fixed_position_m": {
        "mean": 6.065548896789551,
        "rmse": 6.844209671020508,
        "p95": 11.976361274719238,
        "max": 12.967157363891602
      },
      "residual_position_m": {
        "mean": 5.92648458480835,
        "rmse": 6.695130348205566,
        "p95": 11.788199424743652,
        "max": 12.708048820495605
      },
      "fixed_heading_deg": {
        "mean": 6.453670501708984,
        "rmse": 8.724691390991211,
        "p95": 15.14510440826416,
        "max": 146.84996032714844
      },
      "residual_heading_deg": {
        "mean": 6.422547817230225,
        "rmse": 8.680721282958984,
        "p95": 15.080660820007324,
        "max": 146.91441345214844
      }
    }
  }
}