{
  "window_size": 30,
  "target_dt": 0.1,
  "norm_stats": {
    "AccX_g": {
      "mean": -0.005865241612238605,
      "std": 0.22007403579459534
    },
    "AccY_g": {
      "mean": 0.022752012192285162,
      "std": 0.16475574647314303
    },
    "AccZ_g": {
      "mean": 0.9809124515173027,
      "std": 0.11636218597130668
    },
    "GyroX_degs": {
      "mean": -0.019538008725101492,
      "std": 7.306493863135212
    },
    "GyroY_degs": {
      "mean": -0.17735198630919705,
      "std": 6.466847018071943
    },
    "GyroZ_degs": {
      "mean": 0.753217638571424,
      "std": 16.981716696561236
    },
    "VehicleSpeed_ms": {
      "mean": 3.861164257174874,
      "std": 4.086121274328636
    },
    "Base_dx": {
      "mean": -0.016616206891490622,
      "std": 0.43542317423296006
    },
    "Base_dy": {
      "mean": 0.055716337366991386,
      "std": 0.35084627445346056
    }
  },
  "train_samples": 11533,
  "val_samples": 2228,
  "best_val_mae_rads": 0.018094899132847786,
  "best_val_mae_degs": 1.0367613510271112
}