{
  "install_angle_deg": -65.69469238071775,
  "install_angle_rad": -1.146588683128357,
  "acc_bias_g": {
    "x": -0.2578783333301544,
    "y": 1.2670809030532837,
    "z": 0.5673613548278809
  },
  "gyro_bias_degs": {
    "x": 0.26173779368400574,
    "y": 0.12177599221467972,
    "z": 0.09172184765338898
  }
}