{
  "install_angle_deg": -8.340571403503418,
  "install_angle_rad": -0.14557044208049774,
  "acc_bias_g": {
    "x": -1.069861650466919,
    "y": 0.4050661027431488,
    "z": 0.13142217695713043
  },
  "gyro_bias_degs": {
    "x": 0.0031081486959010363,
    "y": 0.23574428260326385,
    "z": 0.18147675693035126
  }
}