{
  "model": "bias_angle_v3",
  "weights": "C:\\Users\\nxj\\Desktop\\NewGPS\\GPS\\trained_models\\bias_angle_v3_smoke.weights.h5",
  "best_val_loss": 10.209474671936036,
  "acc_bias_g": {
    "x": 0.1473217010498047,
    "y": 0.10494092851877213,
    "z": -0.22520656883716583
  },
  "gyro_bias_degs": {
    "x": 0.01200843881815672,
    "y": -0.006999512668699026,
    "z": 0.00824966561049223
  },
  "install_angle_deg": {
    "roll": -0.902923047542572,
    "pitch": -1.5445507764816284,
    "yaw": 1.5479965209960938
  },
  "install_angle_rad": {
    "roll": -0.015758980065584183,
    "pitch": -0.026957497000694275,
    "yaw": 0.027017636224627495
  },
  "train_metrics_with_residual": {
    "position_m": {
      "mean": 8.2337007522583,
      "rmse": 11.356910705566406,
      "p95": 24.44047737121582,
      "max": 85.68665313720703
    },
    "heading_deg": {
      "mean": 12.808235168457031,
      "rmse": 20.284194946289062,
      "p95": 47.69255828857422,
      "max": 179.96755981445312
    },
    "residual": {
      "mean": [
        0.015699228271842003,
        -0.00021125900093466043,
        -0.004075326025485992,
        0.000549041258636862,
        0.00022375182015821338,
        -0.0017281342297792435
      ],
      "std": [
        0.010726846754550934,
        0.01905405893921852,
        0.008728891611099243,
        0.012540514580905437,
        0.011048167943954468,
        0.019251907244324684
      ],
      "max_abs": [
        0.01999981701374054,
        0.019999993965029716,
        0.018279291689395905,
        0.01898716576397419,
        0.01876246929168701,
        0.019999999552965164
      ]
    }
  },
  "val_metrics_with_residual": {
    "position_m": {
      "mean": 8.305222511291504,
      "rmse": 11.605359077453613,
      "p95": 26.63639259338379,
      "max": 71.37511444091797
    },
    "heading_deg": {
      "mean": 7.040501117706299,
      "rmse": 9.358888626098633,
      "p95": 18.628162384033203,
      "max": 150.96539306640625
    },
    "residual": {
      "mean": [
        0.017422039061784744,
        0.00019854304264299572,
        -0.00418488122522831,
        0.0009325591963715851,
        -0.0005848364671692252,
        -0.0024288685526698828
      ],
      "std": [
        0.008174953982234001,
        0.018588155508041382,
        0.009614700451493263,
        0.012623573653399944,
        0.01192159578204155,
        0.019130250439047813
      ],
      "max_abs": [
        0.019999217242002487,
        0.019999969750642776,
        0.01614498905837536,
        0.019006269052624702,
        0.01871347613632679,
        0.019999993965029716
      ]
    }
  },
  "train_metrics_fixed_only": {
    "position_m": {
      "mean": 8.463339805603027,
      "rmse": 11.630520820617676,
      "p95": 25.045148849487305,
      "max": 86.38307189941406
    },
    "heading_deg": {
      "mean": 12.910759925842285,
      "rmse": 20.38264274597168,
      "p95": 47.88529586791992,
      "max": 179.7732391357422
    },
    "residual": {
      "mean": [
        0.0,
        0.0,
        0.0,
        0.0,
        0.0,
        0.0
      ],
      "std": [
        0.0,
        0.0,
        0.0,
        0.0,
        0.0,
        0.0
      ],
      "max_abs": [
        0.0,
        0.0,
        0.0,
        0.0,
        0.0,
        0.0
      ]
    }
  },
  "val_metrics_fixed_only": {
    "position_m": {
      "mean": 8.579453468322754,
      "rmse": 11.937602043151855,
      "p95": 27.342039108276367,
      "max": 72.31793212890625
    },
    "heading_deg": {
      "mean": 7.115955352783203,
      "rmse": 9.481003761291504,
      "p95": 18.91138458251953,
      "max": 151.33192443847656
    },
    "residual": {
      "mean": [
        0.0,
        0.0,
        0.0,
        0.0,
        0.0,
        0.0
      ],
      "std": [
        0.0,
        0.0,
        0.0,
        0.0,
        0.0,
        0.0
      ],
      "max_abs": [
        0.0,
        0.0,
        0.0,
        0.0,
        0.0,
        0.0
      ]
    }
  },
  "install_eval_cmcc": {
    "cmcc_pitch_mean_deg": -1.6790904998779297,
    "cmcc_yaw_mean_deg": -1.6873172521591187,
    "pitch_error_deg": 0.13453972339630127,
    "yaw_error_deg": 3.235313892364502,
    "roll_note": "CMCC result has rbv_pitch/rbv_yaw only; no roll GT is available."
  },
  "config": {
    "window_size": 200,
    "batch_size": 64,
    "epochs": 3,
    "lr": 0.0005,
    "model_name": "bias_angle_v3_smoke",
    "head_weight": 2.0,
    "residual_l2_weight": 50.0,
    "bias_l2_weight": 0.1,
    "install_limit_deg": 10.0,
    "residual_acc_scale_g": 0.02,
    "residual_gyro_scale_degs": 0.02,
    "patience": 3
  },
  "history": [
    {
      "epoch": 1,
      "train_loss": 10.875514671739273,
      "train_pos_m": 10.304511193448146,
      "train_head_rad": 0.27994662437334467,
      "train_res_l2": 0.00022117196468259353,
      "val_loss": 10.830333024597168,
      "val_pos_m": 10.527025468826293,
      "val_head_rad": 0.14755128035545348,
      "val_res_l2": 0.0001607582641998306,
      "install_deg": [
        -0.22218286991119385,
        -0.5192279815673828,
        0.5258615612983704
      ],
      "bias_base": [
        0.0511193610727787,
        0.043778203427791595,
        -0.06970233470201492,
        0.018265295773744583,
        -0.014384165406227112,
        0.009846936911344528
      ]
    },
    {
      "epoch": 2,
      "train_loss": 10.602770743760546,
      "train_pos_m": 10.031558690186603,
      "train_head_rad": 0.2792519915337656,
      "train_res_l2": 0.0002466106835393946,
      "val_loss": 10.445527485656738,
      "val_pos_m": 10.141318717193604,
      "val_head_rad": 0.14662769570350648,
      "val_res_l2": 0.00020596972096245737,
      "install_deg": [
        -0.5049397349357605,
        -1.0432124137878418,
        1.0500361919403076
      ],
      "bias_base": [
        0.10083705186843872,
        0.07798337936401367,
        -0.1487674117088318,
        0.021530933678150177,
        -0.016998715698719025,
        0.01290163490921259
      ]
    },
    {
      "epoch": 3,
      "train_loss": 10.423314217740138,
      "train_pos_m": 9.851256339745262,
      "train_head_rad": 0.27905040343465004,
      "train_res_l2": 0.00025905554555839886,
      "val_loss": 10.209474671936036,
      "val_pos_m": 9.902654377365112,
      "val_head_rad": 0.1464608736038208,
      "val_res_l2": 0.00025007150201126934,
      "install_deg": [
        -0.902923047542572,
        -1.5445507764816284,
        1.5479965209960938
      ],
      "bias_base": [
        0.1473217010498047,
        0.10494092851877213,
        -0.22520656883716583,
        0.01200843881815672,
        -0.006999512668699026,
        0.00824966561049223
      ]
    }
  ]
}