{
  "window_size": 30,
  "target_dt": 0.1,
  "output_dim": 6,
  "output_channels": [
    "ba_x[g]",
    "ba_y[g]",
    "ba_z[g]",
    "bg_x[d/s]",
    "bg_y[d/s]",
    "bg_z[d/s]"
  ],
  "norm_stats": {
    "AccX_g": {
      "mean": -0.035979478981202344,
      "std": 0.2222818597684861
    },
    "AccY_g": {
      "mean": -0.003449802683405571,
      "std": 0.21623132178515314
    },
    "AccZ_g": {
      "mean": 0.9574457766538803,
      "std": 0.15872822323365954
    },
    "GyroX_degs": {
      "mean": -0.017456752898718595,
      "std": 10.523129971508117
    },
    "GyroY_degs": {
      "mean": -0.21954112505602344,
      "std": 9.172868119746242
    },
    "GyroZ_degs": {
      "mean": 0.6459204020135312,
      "std": 16.52935085869891
    },
    "VehicleSpeed_ms": {
      "mean": 2.509518585176097,
      "std": 3.541566505768766
    },
    "Base_dx": {
      "mean": -0.008453942528358238,
      "std": 0.32328860554384503
    },
    "Base_dy": {
      "mean": 0.060238963305984286,
      "std": 0.2832004605837408
    }
  },
  "train_samples": 11014,
  "val_samples": 2228,
  "best_val_mae": 0.26810574531555176
}