{
  "window_size": 30,
  "target_dt": 0.1,
  "norm_stats": {
    "AccX_g": {
      "mean": 0.01554062632734191,
      "std": 0.24773702205358197
    },
    "AccY_g": {
      "mean": -0.050926753941638786,
      "std": 0.03664587183342487
    },
    "AccZ_g": {
      "mean": 0.9881856288599163,
      "std": 0.04402137970589403
    },
    "GyroX_degs": {
      "mean": 0.8512509702763419,
      "std": 1.414624822157963
    },
    "GyroY_degs": {
      "mean": -0.015915665231462955,
      "std": 2.145376649566639
    },
    "GyroZ_degs": {
      "mean": -0.9753382782080169,
      "std": 38.9557146347719
    },
    "VehicleSpeed_ms": {
      "mean": 3.6620421836371992,
      "std": 1.003747606982617
    },
    "Base_dx": {
      "mean": -0.049469818977333505,
      "std": 0.3039145141119234
    },
    "Base_dy": {
      "mean": 0.01709106673606246,
      "std": 0.2216543087920403
    }
  },
  "train_samples": 3107,
  "val_samples": 2883,
  "best_val_mae_rads": 0.015737036243081093,
  "best_val_mae_degs": 0.9016657587729597
}