{
  "install_angle_deg": -1.5415608890671841,
  "install_angle_rad": -0.02690531313419342,
  "acc_bias_g": {
    "x": -0.8960261940956116,
    "y": 0.4892828166484833,
    "z": -0.1219085082411766
  },
  "gyro_bias_degs": {
    "x": 0.12016728520393372,
    "y": 0.21281306445598602,
    "z": -0.042445480823516846
  },
  "use_install_gt": true,
  "install_weight": 1.0,
  "install_gt_yaw_deg": -1.557435393333435,
  "install_error_deg": 0.01587450426625092
}