{
  "weights": "trained_models\\bias_angle_v3.weights.h5",
  "install_angle_deg": {
    "roll": -1.1526548862457275,
    "pitch": -0.2680959701538086,
    "yaw": 0.41872045397758484
  },
  "bias_base": [
    0.4750847816467285,
    0.2809963822364807,
    -0.1960119754076004,
    -0.03899156302213669,
    0.04964452236890793,
    -0.10486619919538498
  ],
  "segments": {
    "Data01": {
      "name": "Data01_0109_1圈8字+2圈跑道",
      "fixed_position_m": {
        "mean": 5.611538887023926,
        "rmse": 6.569334506988525,
        "p95": 12.820673942565918,
        "max": 15.901771545410156
      },
      "residual_position_m": {
        "mean": 5.471550464630127,
        "rmse": 6.429482936859131,
        "p95": 12.61587142944336,
        "max": 15.680137634277344
      },
      "fixed_heading_deg": {
        "mean": 9.55547046661377,
        "rmse": 15.926526069641113,
        "p95": 29.983823776245117,
        "max": 157.19969177246094
      },
      "residual_heading_deg": {
        "mean": 9.52694034576416,
        "rmse": 15.903575897216797,
        "p95": 29.91274642944336,
        "max": 157.3617706298828
      }
    },
    "Data02": {
      "name": "Data02_0109_2圈8字+2圈跑道",
      "fixed_position_m": {
        "mean": 5.777709007263184,
        "rmse": 6.329413414001465,
        "p95": 10.843534469604492,
        "max": 13.799999237060547
      },
      "residual_position_m": {
        "mean": 5.631752967834473,
        "rmse": 6.185577869415283,
        "p95": 10.68267822265625,
        "max": 13.598796844482422
      },
      "fixed_heading_deg": {
        "mean": 9.849349975585938,
        "rmse": 14.467081069946289,
        "p95": 32.14315414428711,
        "max": 141.4498291015625
      },
      "residual_heading_deg": {
        "mean": 9.842028617858887,
        "rmse": 14.46371841430664,
        "p95": 32.107994079589844,
        "max": 141.0510711669922
      }
    },
    "Data03": {
      "name": "Data03_0109_1圈跑道+2圈8字",
      "fixed_position_m": {
        "mean": 7.939219951629639,
        "rmse": 11.566396713256836,
        "p95": 24.526931762695312,
        "max": 51.832889556884766
      },
      "residual_position_m": {
        "mean": 7.797524929046631,
        "rmse": 11.390645980834961,
        "p95": 24.240720748901367,
        "max": 51.18610763549805
      },
      "fixed_heading_deg": {
        "mean": 12.113691329956055,
        "rmse": 17.92412757873535,
        "p95": 34.80733871459961,
        "max": 159.0355987548828
      },
      "residual_heading_deg": {
        "mean": 12.077728271484375,
        "rmse": 17.907527923583984,
        "p95": 34.811424255371094,
        "max": 159.4371795654297
      }
    },
    "Data04": {
      "name": "Data04_0109_2圈跑道+2圈8字",
      "fixed_position_m": {
        "mean": 6.238820552825928,
        "rmse": 7.146017551422119,
        "p95": 13.002010345458984,
        "max": 25.74306869506836
      },
      "residual_position_m": {
        "mean": 6.119812488555908,
        "rmse": 7.0055623054504395,
        "p95": 12.731179237365723,
        "max": 25.108951568603516
      },
      "fixed_heading_deg": {
        "mean": 10.674867630004883,
        "rmse": 14.473782539367676,
        "p95": 32.66108322143555,
        "max": 62.20433044433594
      },
      "residual_heading_deg": {
        "mean": 10.642744064331055,
        "rmse": 14.446967124938965,
        "p95": 32.705474853515625,
        "max": 62.12684631347656
      }
    },
    "Data05": {
      "name": "Data05_0109_4圈跑道",
      "fixed_position_m": {
        "mean": 5.889151573181152,
        "rmse": 6.741634845733643,
        "p95": 12.405596733093262,
        "max": 13.287789344787598
      },
      "residual_position_m": {
        "mean": 5.755638122558594,
        "rmse": 6.596609592437744,
        "p95": 12.229629516601562,
        "max": 13.013192176818848
      },
      "fixed_heading_deg": {
        "mean": 6.860313892364502,
        "rmse": 8.969439506530762,
        "p95": 15.885250091552734,
        "max": 149.18557739257812
      },
      "residual_heading_deg": {
        "mean": 6.831122875213623,
        "rmse": 8.932108879089355,
        "p95": 15.794249534606934,
        "max": 149.4922637939453
      }
    }
  }
}