{
  "window_size": 30,
  "target_dt": 0.1,
  "norm_stats": {
    "AccX_g": {
      "mean": -0.005865241612238606,
      "std": 0.22007403579459534
    },
    "AccY_g": {
      "mean": 0.022752012192285165,
      "std": 0.16475574647314306
    },
    "AccZ_g": {
      "mean": 0.9809124515173026,
      "std": 0.11636218597130668
    },
    "GyroX_degs": {
      "mean": -0.01953800872510148,
      "std": 7.306493863135212
    },
    "GyroY_degs": {
      "mean": -0.17735198630919702,
      "std": 6.466847018071943
    },
    "GyroZ_degs": {
      "mean": 0.7532176385714241,
      "std": 16.981716696561236
    },
    "VehicleSpeed_ms": {
      "mean": 3.861164257174874,
      "std": 4.086121274328636
    },
    "Base_dx": {
      "mean": -0.016616206891490615,
      "std": 0.43542317423296006
    },
    "Base_dy": {
      "mean": 0.055716337366991386,
      "std": 0.35084627445346056
    }
  },
  "train_samples": 11533,
  "val_samples": 2228,
  "best_val_mae_rads": 0.01584118977189064,
  "best_val_mae_degs": 0.907633316395141
}