{
  "epochs_trained": 25,
  "best_val_loss": 0.0008632867247797549,
  "final_train_loss": 0.0027470916975289583,
  "final_val_loss": 0.0019097336335107684,
  "huber_delta": 0.1,
  "train_metrics": {
    "loss": 0.0036284239031374454,
    "mae": 0.05315929278731346,
    "rmse": 0.10233906656503677
  },
  "val_metrics": {
    "loss": 0.0008632867247797549,
    "mae": 0.026278892531991005,
    "rmse": 0.034003596752882004
  },
  "dx_analysis": {
    "mae": 0.022190360352396965,
    "rmse": 0.033850785344839096,
    "relative_error_percent": 63.57202531771392
  },
  "dy_analysis": {
    "mae": 0.030367426574230194,
    "rmse": 0.05168391019105911,
    "relative_error_percent": 81.79044163947623
  }
}