{
  "epochs_trained": 20,
  "best_val_loss": 0.007813481613993645,
  "final_train_loss": 0.006122553255409002,
  "final_val_loss": 0.00901698786765337,
  "huber_delta": 0.1,
  "train_metrics": {
    "loss": 0.00909741222858429,
    "mae": 0.11424420028924942,
    "rmse": 0.3327827751636505
  },
  "val_metrics": {
    "loss": 0.007813481613993645,
    "mae": 0.10109482705593109,
    "rmse": 0.29625365138053894
  },
  "dx_analysis": {
    "mae": 0.12661530077457428,
    "rmse": 0.43596357107162476,
    "relative_error_percent": 29.002827389990994
  },
  "dy_analysis": {
    "mae": 0.07557431608438492,
    "rmse": 0.2530798017978668,
    "relative_error_percent": 26.903100472541436
  }
}