{
  "epochs_trained": 21,
  "best_val_loss": 0.020235996693372726,
  "final_train_loss": 0.009728302247822285,
  "final_val_loss": 0.02537333406507969,
  "huber_delta": 0.1,
  "train_metrics": {
    "loss": 0.021611733362078667,
    "mae": 0.24052181839942932,
    "rmse": 0.6646214127540588
  },
  "val_metrics": {
    "loss": 0.020235996693372726,
    "mae": 0.22891387343406677,
    "rmse": 0.5467526316642761
  },
  "dx_analysis": {
    "mae": 0.29941684007644653,
    "rmse": 0.7625733613967896,
    "relative_error_percent": 39.56002736490493
  },
  "dy_analysis": {
    "mae": 0.15841089189052582,
    "rmse": 0.4122355282306671,
    "relative_error_percent": 34.227249055132184
  }
}