{
  "epochs_trained": 27,
  "best_val_loss": 0.0076097287237644196,
  "final_train_loss": 0.005604966543614864,
  "final_val_loss": 0.007850761525332928,
  "huber_delta": 0.1,
  "train_metrics": {
    "loss": 0.006879638414829969,
    "mae": 0.0871320590376854,
    "rmse": 0.27933868765830994
  },
  "val_metrics": {
    "loss": 0.0076097301207482815,
    "mae": 0.0950707495212555,
    "rmse": 0.30372539162635803
  },
  "dx_analysis": {
    "mae": 0.12636761367321014,
    "rmse": 0.4439904987812042,
    "relative_error_percent": 28.399603339311113
  },
  "dy_analysis": {
    "mae": 0.06377387791872025,
    "rmse": 0.2178429812192917,
    "relative_error_percent": 23.368284135310784
  }
}