{
  "epochs_trained": 18,
  "final_train_loss": 0.002374442992731929,
  "final_val_loss": 0.1292746216058731,
  "best_val_loss": 0.12487862259149551,
  "val_metrics": {
    "loss": 0.12487860023975372,
    "mae": 0.07365298271179199,
    "rmse": 0.16339440643787384
  },
  "dx_analysis": {
    "mae": 0.08953298628330231,
    "rmse": 0.4901793301105499,
    "relative_error_percent": 2.647333960608966
  },
  "dy_analysis": {
    "mae": 0.05777300149202347,
    "rmse": 0.0973721295595169,
    "relative_error_percent": 4.081900000789817
  }
}