{
  "epochs_trained": 17,
  "best_val_loss": 0.0030595024581998587,
  "final_train_loss": 0.0009097058209590614,
  "final_val_loss": 0.0042241280898451805,
  "huber_delta": 0.1,
  "train_metrics": {
    "loss": 0.0026777866296470165,
    "mae": 0.049684956669807434,
    "rmse": 0.08342394977807999
  },
  "val_metrics": {
    "loss": 0.0030595024581998587,
    "mae": 0.0522061251103878,
    "rmse": 0.09518381953239441
  },
  "dx_analysis": {
    "mae": 0.05854827165603638,
    "rmse": 0.11758258938789368,
    "relative_error_percent": 49.720922758195904
  },
  "dy_analysis": {
    "mae": 0.045863959938287735,
    "rmse": 0.08261016011238098,
    "relative_error_percent": 54.40002652818091
  }
}