{
  "data_dir": "20260108_实车数据_txt",
  "train_datasets": [
    "Data01",
    "Data04"
  ],
  "val_dataset": "Data05",
  "val_time": [
    0.0,
    225.60000000000002
  ],
  "train_test_ratio": 0.2,
  "per_dataset_splits": {
    "Data01": {
      "train_time": [
        0.0,
        244.9
      ],
      "test_time": [
        245.0,
        306.2
      ],
      "t_cut": 244.96
    },
    "Data04": {
      "train_time": [
        0.0,
        200.20000000000002
      ],
      "test_time": [
        200.3,
        250.3
      ],
      "t_cut": 200.24
    }
  },
  "use_260316": false
}