{
  "data_dir": "20260108_实车数据_txt",
  "train_datasets": [
    "Data01",
    "Data02",
    "Data03",
    "Data04",
    "Data06"
  ],
  "val_dataset": "Data05",
  "val_time": [
    0.0703,
    225.67030000000003
  ],
  "train_test_ratio": 0.2,
  "per_dataset_splits": {
    "Data01": {
      "train_time": [
        0.145,
        244.94500000000002
      ],
      "test_time": [
        245.04500000000002,
        306.245
      ],
      "t_cut": 245.02500000000003
    },
    "Data02": {
      "train_time": [
        0.0667,
        135.76670000000001
      ],
      "test_time": [
        135.86670000000004,
        169.76670000000004
      ],
      "t_cut": 135.82670000000005
    },
    "Data03": {
      "train_time": [
        0.0676,
        153.3676
      ],
      "test_time": [
        153.4676,
        191.76760000000002
      ],
      "t_cut": 153.4276
    },
    "Data04": {
      "train_time": [
        0.1265,
        200.22650000000002
      ],
      "test_time": [
        200.3265,
        250.3265
      ],
      "t_cut": 200.28650000000002
    },
    "Data06": {
      "train_time": [
        0.2151,
        199.8151000000001
      ],
      "test_time": [
        199.91510000000008,
        249.8151000000001
      ],
      "t_cut": 199.89510000000007
    }
  },
  "use_260316": false
}