{
  "stats": {
    "AccX_g": {
      "mean": 0.01768234436078399,
      "std": 0.23272939723750175
    },
    "AccY_g": {
      "mean": -0.04913671370820584,
      "std": 0.03901764688193858
    },
    "AccZ_g": {
      "mean": 0.9891286587621233,
      "std": 0.04393472930032415
    },
    "GyroX_degs": {
      "mean": 0.7508843035423541,
      "std": 1.4184691860155347
    },
    "GyroY_degs": {
      "mean": -0.02082862013311376,
      "std": 2.086139132837387
    },
    "GyroZ_degs": {
      "mean": -0.9037158835028294,
      "std": 37.43486723283409
    },
    "VehicleSpeed_ms": {
      "mean": 3.427430772216837,
      "std": 1.0935274089677534
    },
    "Base_dx": {
      "mean": -0.004582785963925084,
      "std": 0.2933535438289745
    },
    "Base_dy": {
      "mean": -0.006845609003552496,
      "std": 0.20815155416336326
    }
  },
  "feature_names": [
    "AccX_g_norm",
    "AccY_g_norm",
    "AccZ_g_norm",
    "GyroX_degs_norm",
    "GyroY_degs_norm",
    "GyroZ_degs_norm",
    "VehicleSpeed_ms_norm",
    "Base_dx_norm",
    "Base_dy_norm"
  ],
  "window_size": 20,
  "target_freq": 10
}