{
  "stats": {
    "AccX_g": {
      "mean": 0.010844300720101547,
      "std": 0.1704540478293538
    },
    "AccY_g": {
      "mean": -0.028977285652219277,
      "std": 0.053959476295438284
    },
    "AccZ_g": {
      "mean": 0.9910223106282794,
      "std": 0.05785105921858249
    },
    "GyroX_degs": {
      "mean": 0.36150669476905256,
      "std": 1.2607451932344016
    },
    "GyroY_degs": {
      "mean": -0.050404676710792316,
      "std": 1.692098762549674
    },
    "GyroZ_degs": {
      "mean": -0.5313575306707786,
      "std": 26.52799935833751
    },
    "VehicleSpeed_ms": {
      "mean": 11.68231349542438,
      "std": 8.41447657581126
    },
    "Base_dx": {
      "mean": 0.884190956625271,
      "std": 0.908086286909288
    },
    "Base_dy": {
      "mean": -0.32473211608692115,
      "std": 0.6008126451857356
    }
  },
  "feature_names": [
    "AccX_g_norm",
    "AccY_g_norm",
    "AccZ_g_norm",
    "GyroX_degs_norm",
    "GyroY_degs_norm",
    "GyroZ_degs_norm",
    "VehicleSpeed_ms_norm",
    "Base_dx_norm",
    "Base_dy_norm"
  ],
  "window_size": 30,
  "target_freq": 10
}