{
  "stats": {
    "AccX_g": {
      "mean": 0.0034497894812375307,
      "std": 0.05886141583323479
    },
    "AccY_g": {
      "mean": -0.013354823924601078,
      "std": 0.05863392725586891
    },
    "AccZ_g": {
      "mean": 0.9930739998817444,
      "std": 0.06707598268985748
    },
    "GyroX_degs": {
      "mean": -0.032654400914907455,
      "std": 0.9220062494277954
    },
    "GyroY_degs": {
      "mean": -0.08154944330453873,
      "std": 1.1230440139770508
    },
    "GyroZ_degs": {
      "mean": -0.1638781875371933,
      "std": 0.6301279664039612
    }
  }
}