{
  "stats": {
    "AccX_g": {
      "mean": 0.01554062632734191,
      "std": 0.24773702205358197
    },
    "AccY_g": {
      "mean": -0.050926753941638786,
      "std": 0.03664587183342487
    },
    "AccZ_g": {
      "mean": 0.9881856288599163,
      "std": 0.04402137970589403
    },
    "GyroX_degs": {
      "mean": 0.8512509702763419,
      "std": 1.414624822157963
    },
    "GyroY_degs": {
      "mean": -0.015915665231462955,
      "std": 2.145376649566639
    },
    "GyroZ_degs": {
      "mean": -0.9753382782080169,
      "std": 38.9557146347719
    },
    "VehicleSpeed_ms": {
      "mean": 3.6620421836371992,
      "std": 1.003747606982617
    },
    "Base_dx": {
      "mean": -0.049469818977333505,
      "std": 0.3039145141119234
    },
    "Base_dy": {
      "mean": 0.01709106673606246,
      "std": 0.2216543087920403
    }
  },
  "feature_names": [
    "AccX_g_norm",
    "AccY_g_norm",
    "AccZ_g_norm",
    "GyroX_degs_norm",
    "GyroY_degs_norm",
    "GyroZ_degs_norm",
    "VehicleSpeed_ms_norm",
    "Base_dx_norm",
    "Base_dy_norm"
  ],
  "window_size": 30,
  "target_freq": 10,
  "split": {
    "train_dataset": "Data01",
    "train_time": [
      0.0644,
      250.8644
    ],
    "test_dataset": "Data01",
    "test_time": [
      250.96439999999998,
      313.5644
    ],
    "val_dataset": "Data02",
    "val_time": [
      0.0592,
      291.1592
    ],
    "data01_test_ratio": 0.2,
    "use_260316": false
  }
}