{
  "stats": {
    "AccX_g": {
      "mean": -0.005865241612238605,
      "std": 0.22007403579459534
    },
    "AccY_g": {
      "mean": 0.022752012192285162,
      "std": 0.16475574647314303
    },
    "AccZ_g": {
      "mean": 0.9809124515173027,
      "std": 0.11636218597130668
    },
    "GyroX_degs": {
      "mean": -0.019538008725101492,
      "std": 7.306493863135212
    },
    "GyroY_degs": {
      "mean": -0.17735198630919705,
      "std": 6.466847018071943
    },
    "GyroZ_degs": {
      "mean": 0.753217638571424,
      "std": 16.981716696561236
    },
    "VehicleSpeed_ms": {
      "mean": 3.861164257174874,
      "std": 4.086121274328636
    },
    "Base_dx": {
      "mean": -0.016616206891490622,
      "std": 0.43542317423296006
    },
    "Base_dy": {
      "mean": 0.055716337366991386,
      "std": 0.35084627445346056
    }
  },
  "feature_names": [
    "AccX_g_norm",
    "AccY_g_norm",
    "AccZ_g_norm",
    "GyroX_degs_norm",
    "GyroY_degs_norm",
    "GyroZ_degs_norm",
    "VehicleSpeed_ms_norm",
    "Base_dx_norm",
    "Base_dy_norm"
  ],
  "window_size": 30,
  "target_freq": 10,
  "split": {
    "data_dir": "20260108_\u5b9e\u8f66\u6570\u636e_txt",
    "train_datasets": [
      "Data01",
      "Data02",
      "Data03",
      "Data04",
      "Data06"
    ],
    "val_dataset": "Data05",
    "val_time": [
      0.0703,
      225.67030000000003
    ],
    "train_test_ratio": 0.2,
    "per_dataset_splits": {
      "Data01": {
        "train_time": [
          0.145,
          244.94500000000002
        ],
        "test_time": [
          245.04500000000002,
          306.245
        ],
        "t_cut": 245.02500000000003
      },
      "Data02": {
        "train_time": [
          0.0667,
          135.76670000000001
        ],
        "test_time": [
          135.86670000000004,
          169.76670000000004
        ],
        "t_cut": 135.82670000000005
      },
      "Data03": {
        "train_time": [
          0.0676,
          153.3676
        ],
        "test_time": [
          153.4676,
          191.76760000000002
        ],
        "t_cut": 153.4276
      },
      "Data04": {
        "train_time": [
          0.1265,
          200.22650000000002
        ],
        "test_time": [
          200.3265,
          250.3265
        ],
        "t_cut": 200.28650000000002
      },
      "Data06": {
        "train_time": [
          0.2151,
          199.8151000000001
        ],
        "test_time": [
          199.91510000000008,
          249.8151000000001
        ],
        "t_cut": 199.89510000000007
      }
    },
    "use_260316": false
  }
}