{
  "stats": {
    "AccX_g": {
      "mean": 0.0034497939516439525,
      "std": 0.05886838123658927
    },
    "AccY_g": {
      "mean": -0.0133548774788956,
      "std": 0.058640971240931136
    },
    "AccZ_g": {
      "mean": 0.9930734119535699,
      "std": 0.06708383296787311
    },
    "GyroX_degs": {
      "mean": -0.03265433653662221,
      "std": 0.9221018172359209
    },
    "GyroY_degs": {
      "mean": -0.08154953263296283,
      "std": 1.123160299691694
    },
    "GyroZ_degs": {
      "mean": -0.16387788409734588,
      "std": 0.6301937777175854
    },
    "VehicleSpeed_ms": {
      "mean": 19.72641008492882,
      "std": 1.8072971955706665
    },
    "Base_dx": {
      "mean": 1.803609892107024,
      "std": 0.1975489962746939
    },
    "Base_dy": {
      "mean": -0.490304053192043,
      "std": 0.6258005264520388
    }
  },
  "feature_names": [
    "AccX_g_norm",
    "AccY_g_norm",
    "AccZ_g_norm",
    "GyroX_degs_norm",
    "GyroY_degs_norm",
    "GyroZ_degs_norm",
    "VehicleSpeed_ms_norm",
    "Base_dx_norm",
    "Base_dy_norm"
  ],
  "window_size": 30,
  "target_freq": 10
}