{
  "stats": {
    "AccX_g": {
      "mean": 0.050599925220012665,
      "std": 0.23002438247203827
    },
    "AccY_g": {
      "mean": 0.05552501976490021,
      "std": 0.08983633667230606
    },
    "AccZ_g": {
      "mean": 0.9963411688804626,
      "std": 0.05288269370794296
    },
    "GyroX_degs": {
      "mean": -0.002301842672750354,
      "std": 1.1788493394851685
    },
    "GyroY_degs": {
      "mean": -0.01383291371166706,
      "std": 1.9010798931121826
    },
    "GyroZ_degs": {
      "mean": 2.917557716369629,
      "std": 15.904768943786621
    },
    "VehicleSpeed_ms": {
      "mean": 6.743728160858154,
      "std": 4.466681003570557
    }
  }
}