{
  "stats": {
    "AccX_g": {
      "mean": 0.009706302411169652,
      "std": 0.16478948656054654
    },
    "AccY_g": {
      "mean": -0.026103458084462395,
      "std": 0.05506711451296054
    },
    "AccZ_g": {
      "mean": 0.9912624012894615,
      "std": 0.05841661612531143
    },
    "GyroX_degs": {
      "mean": 0.3271925325849968,
      "std": 1.2466648584296594
    },
    "GyroY_degs": {
      "mean": -0.05016179288645957,
      "std": 1.6623408193084916
    },
    "GyroZ_degs": {
      "mean": -0.4806265460154695,
      "std": 25.478846715337095
    },
    "VehicleSpeed_ms": {
      "mean": 12.327029636788636,
      "std": 8.387878711753562
    },
    "Base_dx": {
      "mean": 1.0342189361454028,
      "std": 0.9796183950254839
    },
    "Base_dy": {
      "mean": -0.1288480484722064,
      "std": 0.4210637414574456
    }
  },
  "feature_names": [
    "AccX_g_norm",
    "AccY_g_norm",
    "AccZ_g_norm",
    "GyroX_degs_norm",
    "GyroY_degs_norm",
    "GyroZ_degs_norm",
    "VehicleSpeed_ms_norm",
    "Base_dx_norm",
    "Base_dy_norm"
  ],
  "window_size": 30,
  "target_freq": 10
}