{
  "stats": {
    "AccX_g": {
      "mean": -0.035979478981202344,
      "std": 0.2222818597684861
    },
    "AccY_g": {
      "mean": -0.003449802683405571,
      "std": 0.21623132178515314
    },
    "AccZ_g": {
      "mean": 0.9574457766538803,
      "std": 0.15872822323365954
    },
    "GyroX_degs": {
      "mean": -0.017456752898718595,
      "std": 10.523129971508117
    },
    "GyroY_degs": {
      "mean": -0.21954112505602344,
      "std": 9.172868119746242
    },
    "GyroZ_degs": {
      "mean": 0.6459204020135312,
      "std": 16.52935085869891
    },
    "VehicleSpeed_ms": {
      "mean": 2.509518585176097,
      "std": 3.541566505768766
    },
    "Base_dx": {
      "mean": -0.008453942528358238,
      "std": 0.32328860554384503
    },
    "Base_dy": {
      "mean": 0.060238963305984286,
      "std": 0.2832004605837408
    }
  },
  "feature_names": [
    "AccX_g_norm",
    "AccY_g_norm",
    "AccZ_g_norm",
    "GyroX_degs_norm",
    "GyroY_degs_norm",
    "GyroZ_degs_norm",
    "VehicleSpeed_ms_norm",
    "Base_dx_norm",
    "Base_dy_norm"
  ],
  "window_size": 30,
  "target_freq": 10,
  "split": {
    "data_dir": "20260108_\u5b9e\u8f66\u6570\u636e_txt",
    "train_datasets": [
      "Data01",
      "Data04"
    ],
    "val_dataset": "Data05",
    "val_time": [
      0.0,
      225.60000000000002
    ],
    "train_test_ratio": 0.2,
    "per_dataset_splits": {
      "Data01": {
        "train_time": [
          0.0,
          244.9
        ],
        "test_time": [
          245.0,
          306.2
        ],
        "t_cut": 244.96
      },
      "Data04": {
        "train_time": [
          0.0,
          200.20000000000002
        ],
        "test_time": [
          200.3,
          250.3
        ],
        "t_cut": 200.24
      }
    },
    "use_260316": false
  }
}