{
  "timestamp": "20260522_122942",
  "config": {
    "q_yaw": 2e-05,
    "q_vel": 0.0009,
    "q_bg": 1e-08,
    "q_bg_xy": 1e-10,
    "q_ba": 1e-06,
    "q_pos": 1e-06,
    "r_gps_xy": 4.0,
    "r_wheel": 0.0144,
    "r_nhc": 0.0036,
    "r_accel": 0.09,
    "biasnet_max_deg": 2.0,
    "biasnet_max_acc_g": 0.1
  },
  "training": {
    "train_samples": 11014,
    "val_samples": 2228,
    "epochs_completed": 41,
    "best_epoch": 1,
    "best_val_loss": 0.09719787538051605,
    "best_val_mae": 0.308394193649292
  },
  "prediction_per_channel": {
    "ba_x_g": {
      "err_mean": -0.02160324901342392,
      "err_std": 0.24804873764514923,
      "err_p95": 0.5921684175729753
    },
    "ba_y_g": {
      "err_mean": -0.010597496293485165,
      "err_std": 0.055257391184568405,
      "err_p95": 0.09662351496517659
    },
    "ba_z_g": {
      "err_mean": 0.04367822781205177,
      "err_std": 0.04749392345547676,
      "err_p95": 0.14025221616029745
    },
    "bg_x_degs": {
      "err_mean": 0.3489927351474762,
      "err_std": 0.024356549605727196,
      "err_p95": 0.38681924492120745
    },
    "bg_y_degs": {
      "err_mean": 0.286638081073761,
      "err_std": 0.17139434814453125,
      "err_p95": 0.43725539147853854
    },
    "bg_z_degs": {
      "err_mean": -0.8513166904449463,
      "err_std": 0.7413211464881897,
      "err_p95": 1.6503331124782563
    }
  }
}