{
  "timestamp": "20260521_214043",
  "config": {
    "q_yaw": 2e-05,
    "q_vel": 0.0009,
    "q_bg": 1e-08,
    "q_pos": 1e-06,
    "r_gps_xy": 4.0,
    "r_wheel": 0.0144,
    "r_nhc": 0.0036,
    "nhc_yaw_rate_thresh": 0.12,
    "nhc_r_scale_turn": 50.0,
    "biasnet_max_deg": 2.0,
    "freeze_yaw_below_ms": 0.5
  },
  "training": {
    "train_samples": 11533,
    "val_samples": 2228,
    "epochs_completed": 27,
    "best_epoch": 12,
    "best_val_loss": 4.073011496075196e-06,
    "best_val_mae_rads": 0.0018491145456209779,
    "best_val_mae_degs": 0.10594645930033295
  },
  "prediction": {
    "residual_mean_degs": -0.09429869800806046,
    "residual_std_degs": 0.1336022913455963,
    "residual_p95_degs": 0.3381046950817108
  }
}