{
  "timestamp": "20260525_105425",
  "config": {
    "q_yaw": 2e-05,
    "q_vel": 0.0009,
    "q_bg": 1e-08,
    "q_bg_xy": 1e-10,
    "q_ba": 1e-06,
    "q_pos": 1e-06,
    "r_gps_xy": 4.0,
    "r_wheel": 0.0144,
    "r_nhc": 0.0036,
    "r_accel": 0.09,
    "biasnet_max_deg": 2.0,
    "biasnet_max_acc_g": 0.1
  },
  "training": {
    "train_samples": 12438,
    "val_samples": 3101,
    "epochs_completed": 41,
    "best_epoch": 1,
    "best_val_loss": 0.08247131109237671,
    "best_val_mae": 0.26872432231903076
  },
  "prediction_per_channel": {
    "ba_x_g": {
      "err_mean": -0.08117542415857315,
      "err_std": 0.31416648626327515,
      "err_p95": 0.6920809149742126
    },
    "ba_y_g": {
      "err_mean": 0.024774612858891487,
      "err_std": 0.04538974165916443,
      "err_p95": 0.08619753271341324
    },
    "ba_z_g": {
      "err_mean": -0.011918568052351475,
      "err_std": 0.011252147145569324,
      "err_p95": 0.02569705992937088
    },
    "bg_x_degs": {
      "err_mean": 0.30650973320007324,
      "err_std": 0.046606067568063736,
      "err_p95": 0.35862696170806885
    },
    "bg_y_degs": {
      "err_mean": 0.2991274297237396,
      "err_std": 0.10564375668764114,
      "err_p95": 0.3872922360897064
    },
    "bg_z_degs": {
      "err_mean": -0.7321290969848633,
      "err_std": 0.6978817582130432,
      "err_p95": 1.628206491470337
    }
  }
}