{
  "timestamp": "20260521_213618",
  "config": {
    "q_yaw": 2e-05,
    "q_vel": 0.0009,
    "q_bg": 1e-08,
    "q_pos": 1e-06,
    "r_gps_xy": 4.0,
    "r_wheel": 0.0144,
    "r_nhc": 0.0036,
    "nhc_yaw_rate_thresh": 0.12,
    "nhc_r_scale_turn": 50.0,
    "biasnet_max_deg": 2.0,
    "freeze_yaw_below_ms": 0.5
  },
  "training": {
    "train_samples": 11533,
    "val_samples": 2228,
    "epochs_completed": 28,
    "best_epoch": 13,
    "best_val_loss": 3.310716692794813e-06,
    "best_val_mae_rads": 0.0019403918413445354,
    "best_val_mae_degs": 0.11117626311066031
  },
  "prediction": {
    "residual_mean_degs": -0.09756780415773392,
    "residual_std_degs": 0.11053238064050674,
    "residual_p95_degs": 0.33142194151878357
  }
}