{
  "timestamp": "20260525_111308",
  "config": {
    "q_yaw": 2e-05,
    "q_vel": 0.0009,
    "q_bg": 1e-08,
    "q_bg_xy": 1e-10,
    "q_ba": 1e-06,
    "q_pos": 1e-06,
    "r_gps_xy": 4.0,
    "r_wheel": 0.0144,
    "r_nhc": 0.0036,
    "r_accel": 0.09,
    "biasnet_max_deg": 2.0,
    "biasnet_max_acc_g": 0.1
  },
  "training": {
    "train_samples": 12438,
    "val_samples": 3101,
    "epochs_completed": 41,
    "best_epoch": 1,
    "best_val_loss": 0.08283597230911255,
    "best_val_mae": 0.27106380462646484
  },
  "prediction_per_channel": {
    "ba_x_g": {
      "err_mean": 0.03799624368548393,
      "err_std": 0.27017009258270264,
      "err_p95": 0.5058962106704712
    },
    "ba_y_g": {
      "err_mean": 0.03478436544537544,
      "err_std": 0.05933256819844246,
      "err_p95": 0.12173239886760712
    },
    "ba_z_g": {
      "err_mean": -0.023452546447515488,
      "err_std": 0.04469184949994087,
      "err_p95": 0.08331038057804108
    },
    "bg_x_degs": {
      "err_mean": 0.34091272950172424,
      "err_std": 0.028399692848324776,
      "err_p95": 0.3930847644805908
    },
    "bg_y_degs": {
      "err_mean": 0.28000393509864807,
      "err_std": 0.1077667847275734,
      "err_p95": 0.38114145398139954
    },
    "bg_z_degs": {
      "err_mean": -0.7445331811904907,
      "err_std": 0.701517641544342,
      "err_p95": 1.5855560302734375
    }
  }
}