{
  "timestamp": "20260525_110525",
  "config": {
    "q_yaw": 2e-05,
    "q_vel": 0.0009,
    "q_bg": 1e-08,
    "q_bg_xy": 1e-10,
    "q_ba": 1e-06,
    "q_pos": 1e-06,
    "r_gps_xy": 4.0,
    "r_wheel": 0.0144,
    "r_nhc": 0.0036,
    "r_accel": 0.09,
    "biasnet_max_deg": 2.0,
    "biasnet_max_acc_g": 0.1
  },
  "training": {
    "train_samples": 12438,
    "val_samples": 3101,
    "epochs_completed": 41,
    "best_epoch": 1,
    "best_val_loss": 0.07793767750263214,
    "best_val_mae": 0.2735711336135864
  },
  "prediction_per_channel": {
    "ba_x_g": {
      "err_mean": -0.061794061213731766,
      "err_std": 0.2892540991306305,
      "err_p95": 0.6265471577644348
    },
    "ba_y_g": {
      "err_mean": -0.005191430915147066,
      "err_std": 0.07623034715652466,
      "err_p95": 0.13214772939682007
    },
    "ba_z_g": {
      "err_mean": -0.050217196345329285,
      "err_std": 0.03027297928929329,
      "err_p95": 0.10255295038223267
    },
    "bg_x_degs": {
      "err_mean": 0.2404191493988037,
      "err_std": 0.05596885085105896,
      "err_p95": 0.3400454521179199
    },
    "bg_y_degs": {
      "err_mean": 0.16895385086536407,
      "err_std": 0.16981670260429382,
      "err_p95": 0.34378713369369507
    },
    "bg_z_degs": {
      "err_mean": -0.7566744089126587,
      "err_std": 0.6868687272071838,
      "err_p95": 1.6234824657440186
    }
  }
}