{
  "timestamp": "20260525_103705",
  "config": {
    "q_yaw": 2e-05,
    "q_vel": 0.0009,
    "q_bg": 1e-08,
    "q_bg_xy": 1e-10,
    "q_ba": 1e-06,
    "q_pos": 1e-06,
    "r_gps_xy": 4.0,
    "r_wheel": 0.0144,
    "r_nhc": 0.0036,
    "r_accel": 0.09,
    "biasnet_max_deg": 2.0,
    "biasnet_max_acc_g": 0.1
  },
  "training": {
    "train_samples": 12438,
    "val_samples": 3101,
    "epochs_completed": 42,
    "best_epoch": 2,
    "best_val_loss": 0.0767369344830513,
    "best_val_mae": 0.23804372549057007
  },
  "prediction_per_channel": {
    "ba_x_g": {
      "err_mean": -0.031257517635822296,
      "err_std": 0.2529561519622803,
      "err_p95": 0.5447894334793091
    },
    "ba_y_g": {
      "err_mean": -0.01131192035973072,
      "err_std": 0.07221410423517227,
      "err_p95": 0.15149009227752686
    },
    "ba_z_g": {
      "err_mean": -0.05705033987760544,
      "err_std": 0.05232846736907959,
      "err_p95": 0.14927834272384644
    },
    "bg_x_degs": {
      "err_mean": 0.21855959296226501,
      "err_std": 0.09237366169691086,
      "err_p95": 0.32649940252304077
    },
    "bg_y_degs": {
      "err_mean": 0.1849675178527832,
      "err_std": 0.09046154469251633,
      "err_p95": 0.296670526266098
    },
    "bg_z_degs": {
      "err_mean": -0.6332454085350037,
      "err_std": 0.7615768909454346,
      "err_p95": 1.587001919746399
    }
  }
}