{
  "timestamp": "20260525_142204",
  "config": {
    "q_yaw": 2e-05,
    "q_vel": 0.0009,
    "q_bg": 1e-08,
    "q_bg_xy": 1e-10,
    "q_ba": 1e-06,
    "q_pos": 1e-06,
    "r_gps_xy": 4.0,
    "r_wheel": 0.0144,
    "r_nhc": 0.0036,
    "r_accel": 0.09,
    "biasnet_max_deg": 2.0,
    "biasnet_max_acc_g": 0.1
  },
  "training": {
    "train_samples": 12438,
    "val_samples": 3101,
    "epochs_completed": 42,
    "best_epoch": 2,
    "best_val_loss": 0.08068213611841202,
    "best_val_mae": 0.2641317546367645
  },
  "prediction_per_channel": {
    "ba_x_g": {
      "err_mean": -0.04195406660437584,
      "err_std": 0.26214516162872314,
      "err_p95": 0.5402526259422302
    },
    "ba_y_g": {
      "err_mean": -0.07318238914012909,
      "err_std": 0.0678437352180481,
      "err_p95": 0.16453003883361816
    },
    "ba_z_g": {
      "err_mean": -0.020559927448630333,
      "err_std": 0.03385663405060768,
      "err_p95": 0.08456812798976898
    },
    "bg_x_degs": {
      "err_mean": 0.3046136200428009,
      "err_std": 0.04715672507882118,
      "err_p95": 0.3765641450881958
    },
    "bg_y_degs": {
      "err_mean": 0.29176750779151917,
      "err_std": 0.11861029267311096,
      "err_p95": 0.3917531371116638
    },
    "bg_z_degs": {
      "err_mean": -0.6782999634742737,
      "err_std": 0.7513678073883057,
      "err_p95": 1.6470036506652832
    }
  }
}