{
  "timestamp": "20260525_154207",
  "config": {
    "q_yaw": 2e-05,
    "q_vel": 0.0009,
    "q_bg": 1e-08,
    "q_bg_xy": 1e-10,
    "q_ba": 1e-06,
    "q_pos": 1e-06,
    "r_gps_xy": 4.0,
    "r_wheel": 0.0144,
    "r_nhc": 0.0036,
    "r_accel": 0.09,
    "biasnet_max_deg": 2.0,
    "biasnet_max_acc_g": 0.1
  },
  "training": {
    "train_samples": 12438,
    "val_samples": 3101,
    "epochs_completed": 41,
    "best_epoch": 1,
    "best_val_loss": 0.09145423024892807,
    "best_val_mae": 0.2804872691631317
  },
  "prediction_per_channel": {
    "ba_x_g": {
      "err_mean": 0.04311695694923401,
      "err_std": 0.24635422229766846,
      "err_p95": 0.49426016211509705
    },
    "ba_y_g": {
      "err_mean": -0.03830939531326294,
      "err_std": 0.05444113910198212,
      "err_p95": 0.12020018696784973
    },
    "ba_z_g": {
      "err_mean": 0.05801490321755409,
      "err_std": 0.07538434863090515,
      "err_p95": 0.21742351353168488
    },
    "bg_x_degs": {
      "err_mean": 0.3007485270500183,
      "err_std": 0.031870368868112564,
      "err_p95": 0.3424789011478424
    },
    "bg_y_degs": {
      "err_mean": 0.4034246802330017,
      "err_std": 0.13867101073265076,
      "err_p95": 0.5733092427253723
    },
    "bg_z_degs": {
      "err_mean": -0.8214501142501831,
      "err_std": 0.7167169451713562,
      "err_p95": 1.7169166803359985
    }
  }
}