{
  "timestamp": "20260522_121342",
  "config": {
    "q_yaw": 2e-05,
    "q_vel": 0.0009,
    "q_bg": 1e-08,
    "q_bg_xy": 1e-10,
    "q_ba": 1e-06,
    "q_pos": 1e-06,
    "r_gps_xy": 4.0,
    "r_wheel": 0.0144,
    "r_nhc": 0.0036,
    "r_accel": 0.09,
    "biasnet_max_deg": 2.0,
    "biasnet_max_acc_g": 0.1
  },
  "training": {
    "train_samples": 11014,
    "val_samples": 2228,
    "epochs_completed": 16,
    "best_epoch": 1,
    "best_val_loss": 0.11193112283945084,
    "best_val_mae": 0.3331000506877899
  },
  "prediction_per_channel": {
    "ba_x_g": {
      "err_mean": -0.015358933247625828,
      "err_std": 0.24780212342739105,
      "err_p95": 0.5477821797132495
    },
    "ba_y_g": {
      "err_mean": 0.12873829901218414,
      "err_std": 0.127632275223732,
      "err_p95": 0.3300922468304634
    },
    "ba_z_g": {
      "err_mean": -0.012548898346722126,
      "err_std": 0.028266942128539085,
      "err_p95": 0.05163063853979111
    },
    "bg_x_degs": {
      "err_mean": 0.48066896200180054,
      "err_std": 0.0387888103723526,
      "err_p95": 0.5399410963058472
    },
    "bg_y_degs": {
      "err_mean": 0.2948230803012848,
      "err_std": 0.1153423860669136,
      "err_p95": 0.43234114199876783
    },
    "bg_z_degs": {
      "err_mean": -0.9299733638763428,
      "err_std": 0.8185805678367615,
      "err_p95": 1.8780496001243592
    }
  }
}