{
  "timestamp": "20260525_103048",
  "config": {
    "q_yaw": 2e-05,
    "q_vel": 0.0009,
    "q_bg": 1e-08,
    "q_bg_xy": 1e-10,
    "q_ba": 1e-06,
    "q_pos": 1e-06,
    "r_gps_xy": 4.0,
    "r_wheel": 0.0144,
    "r_nhc": 0.0036,
    "r_accel": 0.09,
    "biasnet_max_deg": 2.0,
    "biasnet_max_acc_g": 0.1
  },
  "training": {
    "train_samples": 10157,
    "val_samples": 2228,
    "epochs_completed": 41,
    "best_epoch": 1,
    "best_val_loss": 0.08907783031463623,
    "best_val_mae": 0.2812685966491699
  },
  "prediction_per_channel": {
    "ba_x_g": {
      "err_mean": 0.008288549259305,
      "err_std": 0.26579809188842773,
      "err_p95": 0.5748553276062012
    },
    "ba_y_g": {
      "err_mean": -0.05686601996421814,
      "err_std": 0.059893421828746796,
      "err_p95": 0.16775250434875488
    },
    "ba_z_g": {
      "err_mean": -0.03156587481498718,
      "err_std": 0.01816936582326889,
      "err_p95": 0.0683140754699707
    },
    "bg_x_degs": {
      "err_mean": 0.33782434463500977,
      "err_std": 0.05616259574890137,
      "err_p95": 0.4099816381931305
    },
    "bg_y_degs": {
      "err_mean": 0.3572149872779846,
      "err_std": 0.12034612149000168,
      "err_p95": 0.5343155860900879
    },
    "bg_z_degs": {
      "err_mean": -0.7588355541229248,
      "err_std": 0.7418004274368286,
      "err_p95": 1.5440021753311157
    }
  }
}