{
  "timestamp": "20260522_144128",
  "config": {
    "q_yaw": 2e-05,
    "q_vel": 0.0009,
    "q_bg": 1e-08,
    "q_bg_xy": 1e-10,
    "q_ba": 1e-06,
    "q_pos": 1e-06,
    "r_gps_xy": 4.0,
    "r_wheel": 0.0144,
    "r_nhc": 0.0036,
    "r_accel": 0.09,
    "biasnet_max_deg": 2.0,
    "biasnet_max_acc_g": 0.1
  },
  "training": {
    "train_samples": 11014,
    "val_samples": 2228,
    "epochs_completed": 41,
    "best_epoch": 1,
    "best_val_loss": 0.08511470258235931,
    "best_val_mae": 0.26810574531555176
  },
  "prediction_per_channel": {
    "ba_x_g": {
      "err_mean": 0.0008802225347608328,
      "err_std": 0.2504551410675049,
      "err_p95": 0.5361864656209946
    },
    "ba_y_g": {
      "err_mean": -0.01529758982360363,
      "err_std": 0.05788307264447212,
      "err_p95": 0.10666197501122954
    },
    "ba_z_g": {
      "err_mean": -0.020873893052339554,
      "err_std": 0.014392145909368992,
      "err_p95": 0.049587183445692073
    },
    "bg_x_degs": {
      "err_mean": 0.37821269035339355,
      "err_std": 0.02643144689500332,
      "err_p95": 0.41562544256448747
    },
    "bg_y_degs": {
      "err_mean": 0.26126980781555176,
      "err_std": 0.08593742549419403,
      "err_p95": 0.35268347263336186
    },
    "bg_z_degs": {
      "err_mean": -0.7259818911552429,
      "err_std": 0.7389314770698547,
      "err_p95": 1.5080160975456238
    }
  }
}