{
  "timestamp": "20260522_100807",
  "config": {
    "q_yaw": 2e-05,
    "q_vel": 0.0009,
    "q_bg": 1e-08,
    "q_pos": 1e-06,
    "r_gps_xy": 4.0,
    "r_wheel": 0.0144,
    "r_nhc": 0.0036,
    "nhc_yaw_rate_thresh": 0.12,
    "nhc_r_scale_turn": 50.0,
    "biasnet_max_deg": 2.0,
    "freeze_yaw_below_ms": 0.5
  },
  "training": {
    "train_samples": 23066,
    "val_samples": 2228,
    "epochs_completed": 25,
    "best_epoch": 10,
    "best_val_loss": 0.00026673293905332685,
    "best_val_mae_rads": 0.017023131251335144,
    "best_val_mae_degs": 0.9753535747987596
  },
  "prediction": {
    "residual_mean_degs": -0.5913127064704895,
    "residual_std_degs": 1.1838980913162231,
    "residual_p95_degs": 2.32543488740921
  }
}