{
  "timestamp": "20260525_103939",
  "config": {
    "q_yaw": 2e-05,
    "q_vel": 0.0009,
    "q_bg": 1e-08,
    "q_bg_xy": 1e-10,
    "q_ba": 1e-06,
    "q_pos": 1e-06,
    "r_gps_xy": 4.0,
    "r_wheel": 0.0144,
    "r_nhc": 0.0036,
    "r_accel": 0.09,
    "biasnet_max_deg": 2.0,
    "biasnet_max_acc_g": 0.1
  },
  "training": {
    "train_samples": 12438,
    "val_samples": 3101,
    "epochs_completed": 41,
    "best_epoch": 1,
    "best_val_loss": 0.08491215109825134,
    "best_val_mae": 0.27823182940483093
  },
  "prediction_per_channel": {
    "ba_x_g": {
      "err_mean": -0.03918331861495972,
      "err_std": 0.2843974828720093,
      "err_p95": 0.5599209070205688
    },
    "ba_y_g": {
      "err_mean": 0.004064937122166157,
      "err_std": 0.06852202117443085,
      "err_p95": 0.12466047704219818
    },
    "ba_z_g": {
      "err_mean": -0.014622697606682777,
      "err_std": 0.05586913228034973,
      "err_p95": 0.09029726684093475
    },
    "bg_x_degs": {
      "err_mean": 0.43117794394493103,
      "err_std": 0.04717069864273071,
      "err_p95": 0.5053249597549438
    },
    "bg_y_degs": {
      "err_mean": 0.390406996011734,
      "err_std": 0.11193792521953583,
      "err_p95": 0.47818195819854736
    },
    "bg_z_degs": {
      "err_mean": -0.6878281235694885,
      "err_std": 0.7749391794204712,
      "err_p95": 1.657520055770874
    }
  }
}