{
  "timestamp": "20260525_135812",
  "config": {
    "q_yaw": 2e-05,
    "q_vel": 0.0009,
    "q_bg": 1e-08,
    "q_bg_xy": 1e-10,
    "q_ba": 1e-06,
    "q_pos": 1e-06,
    "r_gps_xy": 4.0,
    "r_wheel": 0.0144,
    "r_nhc": 0.0036,
    "r_accel": 0.09,
    "biasnet_max_deg": 2.0,
    "biasnet_max_acc_g": 0.1
  },
  "training": {
    "train_samples": 12438,
    "val_samples": 3101,
    "epochs_completed": 41,
    "best_epoch": 1,
    "best_val_loss": 0.09229055047035217,
    "best_val_mae": 0.2806012034416199
  },
  "prediction_per_channel": {
    "ba_x_g": {
      "err_mean": -0.013648180291056633,
      "err_std": 0.2724221646785736,
      "err_p95": 0.5010374188423157
    },
    "ba_y_g": {
      "err_mean": 0.012284008786082268,
      "err_std": 0.05764339119195938,
      "err_p95": 0.09326183050870895
    },
    "ba_z_g": {
      "err_mean": -0.01610480435192585,
      "err_std": 0.020918453112244606,
      "err_p95": 0.03798877075314522
    },
    "bg_x_degs": {
      "err_mean": 0.32946065068244934,
      "err_std": 0.029370157048106194,
      "err_p95": 0.39075061678886414
    },
    "bg_y_degs": {
      "err_mean": 0.3645331561565399,
      "err_std": 0.14105449616909027,
      "err_p95": 0.503975510597229
    },
    "bg_z_degs": {
      "err_mean": -0.8317530155181885,
      "err_std": 0.7058082222938538,
      "err_p95": 1.7018110752105713
    }
  }
}