{
  "timestamp": "20260525_105721",
  "config": {
    "q_yaw": 2e-05,
    "q_vel": 0.0009,
    "q_bg": 1e-08,
    "q_bg_xy": 1e-10,
    "q_ba": 1e-06,
    "q_pos": 1e-06,
    "r_gps_xy": 4.0,
    "r_wheel": 0.0144,
    "r_nhc": 0.0036,
    "r_accel": 0.09,
    "biasnet_max_deg": 2.0,
    "biasnet_max_acc_g": 0.1
  },
  "training": {
    "train_samples": 12438,
    "val_samples": 3101,
    "epochs_completed": 41,
    "best_epoch": 1,
    "best_val_loss": 0.08417234569787979,
    "best_val_mae": 0.27398523688316345
  },
  "prediction_per_channel": {
    "ba_x_g": {
      "err_mean": 0.029123015701770782,
      "err_std": 0.28681594133377075,
      "err_p95": 0.5302668213844299
    },
    "ba_y_g": {
      "err_mean": -0.04065408930182457,
      "err_std": 0.06402625143527985,
      "err_p95": 0.12493739277124405
    },
    "ba_z_g": {
      "err_mean": 0.07761862128973007,
      "err_std": 0.05042785033583641,
      "err_p95": 0.19566304981708527
    },
    "bg_x_degs": {
      "err_mean": 0.34442758560180664,
      "err_std": 0.05590105429291725,
      "err_p95": 0.410630464553833
    },
    "bg_y_degs": {
      "err_mean": 0.327714741230011,
      "err_std": 0.09672617167234421,
      "err_p95": 0.41123756766319275
    },
    "bg_z_degs": {
      "err_mean": -0.7318577766418457,
      "err_std": 0.7280522584915161,
      "err_p95": 1.6265157461166382
    }
  }
}