{
  "timestamp": "20260522_141058",
  "config": {
    "q_yaw": 2e-05,
    "q_vel": 0.0009,
    "q_bg": 1e-08,
    "q_bg_xy": 1e-10,
    "q_ba": 1e-06,
    "q_pos": 1e-06,
    "r_gps_xy": 4.0,
    "r_wheel": 0.0144,
    "r_nhc": 0.0036,
    "r_accel": 0.09,
    "biasnet_max_deg": 2.0,
    "biasnet_max_acc_g": 0.1
  },
  "training": {
    "train_samples": 11014,
    "val_samples": 53965,
    "epochs_completed": 41,
    "best_epoch": 1,
    "best_val_loss": 0.24630577862262726,
    "best_val_mae": 0.41692426800727844
  },
  "prediction_per_channel": {
    "ba_x_g": {
      "err_mean": -0.09090390801429749,
      "err_std": 0.0864093229174614,
      "err_p95": 0.2321747481822967
    },
    "ba_y_g": {
      "err_mean": -0.04884818568825722,
      "err_std": 0.06048213317990303,
      "err_p95": 0.1496805191040039
    },
    "ba_z_g": {
      "err_mean": 0.00043023130274377763,
      "err_std": 0.020791010931134224,
      "err_p95": 0.04907948970794663
    },
    "bg_x_degs": {
      "err_mean": 0.17005710303783417,
      "err_std": 0.35180532932281494,
      "err_p95": 0.7901529312133784
    },
    "bg_y_degs": {
      "err_mean": 0.030394576489925385,
      "err_std": 0.40450483560562134,
      "err_p95": 0.8885466337203974
    },
    "bg_z_degs": {
      "err_mean": -1.1543450355529785,
      "err_std": 4.186786651611328,
      "err_p95": 7.237772750854492
    }
  }
}