{
  "timestamp": "20260522_103723",
  "config": {
    "q_yaw": 2e-05,
    "q_vel": 0.0009,
    "q_bg": 1e-08,
    "q_pos": 1e-06,
    "r_gps_xy": 4.0,
    "r_wheel": 0.0144,
    "r_nhc": 0.0036,
    "nhc_yaw_rate_thresh": 0.12,
    "nhc_r_scale_turn": 50.0,
    "biasnet_max_deg": 2.0,
    "freeze_yaw_below_ms": 0.5
  },
  "training": {
    "train_samples": 11014,
    "val_samples": 2228,
    "epochs_completed": 16,
    "best_epoch": 1,
    "best_val_loss": 0.0006575759616680443,
    "best_val_mae_rads": 0.027959879487752914,
    "best_val_mae_degs": 1.6019830903426442
  },
  "prediction": {
    "residual_mean_degs": -1.359686017036438,
    "residual_std_degs": 1.571191668510437,
    "residual_p95_degs": 3.3460314989089968
  }
}