{
  "timestamp": "20260521_213802",
  "config": {
    "q_yaw": 2e-05,
    "q_vel": 0.0009,
    "q_bg": 1e-08,
    "q_pos": 1e-06,
    "r_gps_xy": 4.0,
    "r_wheel": 0.0144,
    "r_nhc": 0.0036,
    "nhc_yaw_rate_thresh": 0.12,
    "nhc_r_scale_turn": 50.0,
    "biasnet_max_deg": 2.0,
    "freeze_yaw_below_ms": 0.5
  },
  "training": {
    "train_samples": 11533,
    "val_samples": 2228,
    "epochs_completed": 17,
    "best_epoch": 2,
    "best_val_loss": 2.8313379516475834e-06,
    "best_val_mae_rads": 0.0017656845739111304,
    "best_val_mae_degs": 0.10116627403646283
  },
  "prediction": {
    "residual_mean_degs": -0.041069380939006805,
    "residual_std_degs": 0.1300106644630432,
    "residual_p95_degs": 0.2949013411998749
  }
}